{"cameraMode":{"drawMode":0,"name":"Shaded","section":"Shading Mode"},"sceneLighting":false,"audioPlay":false,"sceneViewState":{"showFog":true,"showMaterialUpdate":false,"showSkybox":false,"showFlares":true,"showImageEffects":true,"showParticleSystems":true},"in2DMode":false,"pivot":{"x":0.6683810353279114,"y":3.6115379333496095,"z":-2.130000114440918},"rotation":{"x":0.08762665092945099,"y":0.10053297877311707,"z":0.008889378979802132,"w":-0.9910309910774231},"size":4.427590370178223,"orthographic":false}