{"cameraMode":{"drawMode":0,"name":"Shaded","section":"Shading Mode"},"sceneLighting":true,"audioPlay":false,"sceneViewState":{"showFog":true,"showMaterialUpdate":false,"showSkybox":true,"showFlares":true,"showImageEffects":true,"showParticleSystems":true},"in2DMode":false,"pivot":{"x":10.052674293518067,"y":-4.58811616897583,"z":2.2010040283203127},"rotation":{"x":-0.2053079754114151,"y":0.06951636075973511,"z":-0.014621388167142868,"w":-0.9761160016059876},"size":7.11211633682251,"orthographic":false}