{"cameraMode":{"drawMode":0,"name":"Shaded","section":"Shading Mode"},"sceneLighting":false,"audioPlay":false,"sceneViewState":{"showFog":true,"showMaterialUpdate":false,"showSkybox":false,"showFlares":true,"showImageEffects":true,"showParticleSystems":true},"in2DMode":false,"pivot":{"x":-1.7771879434585572,"y":-1.7545901536941529,"z":-2.4223012924194338},"rotation":{"x":0.009875860065221787,"y":0.5350392460823059,"z":0.006255151238292456,"w":-0.8447467684745789},"size":3.9920809268951418,"orthographic":false}