{"cameraMode":{"drawMode":0,"name":"Shaded","section":"Shading Mode"},"sceneLighting":false,"audioPlay":false,"sceneViewState":{"showFog":true,"showMaterialUpdate":false,"showSkybox":false,"showFlares":true,"showImageEffects":true,"showParticleSystems":true},"in2DMode":false,"pivot":{"x":-0.027998626232147218,"y":-0.05194251984357834,"z":0.2841525673866272},"rotation":{"x":0.005125789903104305,"y":0.9906933307647705,"z":-0.038963787257671359,"w":0.13032758235931397},"size":2.167569398880005,"orthographic":false}